id,filename
Blues_-_Modern-Albert_King_-_Born_Under_A_Bad_Sign,"/Users/pasquale/git/midi2vec/SLAC_MIDI_splitted/fold8/train/Blues - Modern/Albert King - Born Under A Bad Sign.mid"
Blues_-_Modern-B_B_King_-_How_Blue_Can_You_Get,"/Users/pasquale/git/midi2vec/SLAC_MIDI_splitted/fold8/train/Blues - Modern/B B King - How Blue Can You Get.mid"
Blues_-_Modern-B_B_King_-_Rock_Me_Baby,"/Users/pasquale/git/midi2vec/SLAC_MIDI_splitted/fold8/train/Blues - Modern/B B King - Rock Me Baby.mid"
Blues_-_Modern-B_B_King_-_The_Thrill_Is_Gone,"/Users/pasquale/git/midi2vec/SLAC_MIDI_splitted/fold8/train/Blues - Modern/B B King - The Thrill Is Gone.mid"
Blues_-_Modern-Buddy_Guy_-_Don't_Answer_the_Door,"/Users/pasquale/git/midi2vec/SLAC_MIDI_splitted/fold8/train/Blues - Modern/Buddy Guy - Don't Answer the Door.mid"
Blues_-_Modern-Cream_-_Crossroads,"/Users/pasquale/git/midi2vec/SLAC_MIDI_splitted/fold8/train/Blues - Modern/Cream - Crossroads.mid"
Blues_-_Modern-Derek_and_the_Dominoes_-_Key_to_the_Highway,"/Users/pasquale/git/midi2vec/SLAC_MIDI_splitted/fold8/train/Blues - Modern/Derek and the Dominoes - Key to the Highway.mid"
Blues_-_Modern-Derek_and_the_Dominoes_-_Nobody_Knows_You_When_Youre_Down_and_Out,"/Users/pasquale/git/midi2vec/SLAC_MIDI_splitted/fold8/train/Blues - Modern/Derek and the Dominoes - Nobody Knows You When Youre Down and Out.mid"
Blues_-_Modern-Gary_Moore_-_Still_Got_The_Blues,"/Users/pasquale/git/midi2vec/SLAC_MIDI_splitted/fold8/train/Blues - Modern/Gary Moore - Still Got The Blues.mid"
Blues_-_Modern-James_Cotton_-_Sweet_Sixteen,"/Users/pasquale/git/midi2vec/SLAC_MIDI_splitted/fold8/train/Blues - Modern/James Cotton - Sweet Sixteen.mid"
Blues_-_Modern-Johnny_Winter_-_Good_Morning_Little_Schoolgirl,"/Users/pasquale/git/midi2vec/SLAC_MIDI_splitted/fold8/train/Blues - Modern/Johnny Winter - Good Morning Little Schoolgirl.mid"
Blues_-_Modern-Johnny_Winter_-_Unseen_Eye,"/Users/pasquale/git/midi2vec/SLAC_MIDI_splitted/fold8/train/Blues - Modern/Johnny Winter - Unseen Eye.mid"
Blues_-_Modern-Koko_Taylor_-_Let_the_Good_Times_Roll,"/Users/pasquale/git/midi2vec/SLAC_MIDI_splitted/fold8/train/Blues - Modern/Koko Taylor - Let the Good Times Roll.mid"
Blues_-_Modern-Led_Zeppelin_-_I_Can't_Quit_You_Baby,"/Users/pasquale/git/midi2vec/SLAC_MIDI_splitted/fold8/train/Blues - Modern/Led Zeppelin - I Can't Quit You Baby.mid"
Blues_-_Modern-Led_Zeppelin_-_Since_I've_Been_Loving_You,"/Users/pasquale/git/midi2vec/SLAC_MIDI_splitted/fold8/train/Blues - Modern/Led Zeppelin - Since I've Been Loving You.mid"
Blues_-_Modern-Stevie_Ray_Vaughan_-_Cold_Shot,"/Users/pasquale/git/midi2vec/SLAC_MIDI_splitted/fold8/train/Blues - Modern/Stevie Ray Vaughan - Cold Shot.mid"
Blues_-_Modern-Stevie_Ray_Vaughan_-_Honey_Bee,"/Users/pasquale/git/midi2vec/SLAC_MIDI_splitted/fold8/train/Blues - Modern/Stevie Ray Vaughan - Honey Bee.mid"
Blues_-_Modern-Stevie_Ray_Vaughan_-_Texas_Flood,"/Users/pasquale/git/midi2vec/SLAC_MIDI_splitted/fold8/train/Blues - Modern/Stevie Ray Vaughan - Texas Flood.mid"
Blues_-_Modern-Ten_Years_After_-_Help_Me,"/Users/pasquale/git/midi2vec/SLAC_MIDI_splitted/fold8/train/Blues - Modern/Ten Years After - Help Me.mid"
Blues_-_Modern-The_Allman_Brothers_Band_-_It's_Not_My_Cross_To_Bear,"/Users/pasquale/git/midi2vec/SLAC_MIDI_splitted/fold8/train/Blues - Modern/The Allman Brothers Band - It's Not My Cross To Bear.mid"
Blues_-_Modern-The_Allman_Brothers_Band_-_One_Way_Out,"/Users/pasquale/git/midi2vec/SLAC_MIDI_splitted/fold8/train/Blues - Modern/The Allman Brothers Band - One Way Out.mid"
Blues_-_Modern-The_Allman_Brothers_Band_-_Statesboro_Blues,"/Users/pasquale/git/midi2vec/SLAC_MIDI_splitted/fold8/train/Blues - Modern/The Allman Brothers Band - Statesboro Blues.mid"
Blues_-_Modern-The_Doors_-_Roadhouse_Blues,"/Users/pasquale/git/midi2vec/SLAC_MIDI_splitted/fold8/train/Blues - Modern/The Doors - Roadhouse Blues.mid"
Blues_-_Traditional-Blind_Lemon_Jefferson_-_Matchbox_Blues,"/Users/pasquale/git/midi2vec/SLAC_MIDI_splitted/fold8/train/Blues - Traditional/Blind Lemon Jefferson - Matchbox Blues.mid"
Blues_-_Traditional-Brownie_McGhee_-_Aint_No_Tellin,"/Users/pasquale/git/midi2vec/SLAC_MIDI_splitted/fold8/train/Blues - Traditional/Brownie McGhee - Aint No Tellin.mid"
Blues_-_Traditional-Brownie_McGhee_-_Key_to_the_Highway,"/Users/pasquale/git/midi2vec/SLAC_MIDI_splitted/fold8/train/Blues - Traditional/Brownie McGhee - Key to the Highway.mid"
Blues_-_Traditional-Charlie_Patton_-_Screamin_and_Hollerin_the_Blues,"/Users/pasquale/git/midi2vec/SLAC_MIDI_splitted/fold8/train/Blues - Traditional/Charlie Patton - Screamin and Hollerin the Blues.mid"
Blues_-_Traditional-Chris_Thomas_King_-_Hard_Time_Killing_Floor_Blues,"/Users/pasquale/git/midi2vec/SLAC_MIDI_splitted/fold8/train/Blues - Traditional/Chris Thomas King - Hard Time Killing Floor Blues.mid"
Blues_-_Traditional-Doc_Watson_-_Blues_Stay_Away_From_Me,"/Users/pasquale/git/midi2vec/SLAC_MIDI_splitted/fold8/train/Blues - Traditional/Doc Watson - Blues Stay Away From Me.mid"
Blues_-_Traditional-Eric_Clapton_-_Before_You_Accuse_Me,"/Users/pasquale/git/midi2vec/SLAC_MIDI_splitted/fold8/train/Blues - Traditional/Eric Clapton - Before You Accuse Me.mid"
Blues_-_Traditional-Howlin_Wolf_-_Little_Red_Rooster,"/Users/pasquale/git/midi2vec/SLAC_MIDI_splitted/fold8/train/Blues - Traditional/Howlin Wolf - Little Red Rooster.mid"
Blues_-_Traditional-James_Cotton_-_Dont_Start_Me_Talkin,"/Users/pasquale/git/midi2vec/SLAC_MIDI_splitted/fold8/train/Blues - Traditional/James Cotton - Dont Start Me Talkin.mid"
Blues_-_Traditional-James_Cotton_-_Juke,"/Users/pasquale/git/midi2vec/SLAC_MIDI_splitted/fold8/train/Blues - Traditional/James Cotton - Juke.mid"
Blues_-_Traditional-Johnny_Winter_-_Dallas,"/Users/pasquale/git/midi2vec/SLAC_MIDI_splitted/fold8/train/Blues - Traditional/Johnny Winter - Dallas.mid"
Blues_-_Traditional-Lightnin_Hopkins_-_In_The_Evening_The_Sun_Is_Going_Down,"/Users/pasquale/git/midi2vec/SLAC_MIDI_splitted/fold8/train/Blues - Traditional/Lightnin Hopkins - In The Evening The Sun Is Going Down.mid"
Blues_-_Traditional-Lightnin_Hopkins_-_Trouble_In_Mind_Time,"/Users/pasquale/git/midi2vec/SLAC_MIDI_splitted/fold8/train/Blues - Traditional/Lightnin Hopkins - Trouble In Mind Time.mid"
Blues_-_Traditional-Mama_Yancey_-_How_Long_Blues,"/Users/pasquale/git/midi2vec/SLAC_MIDI_splitted/fold8/train/Blues - Traditional/Mama Yancey - How Long Blues.mid"
Blues_-_Traditional-Misissipi_Fred_McDowell_-_My_Babe,"/Users/pasquale/git/midi2vec/SLAC_MIDI_splitted/fold8/train/Blues - Traditional/Misissipi Fred McDowell - My Babe.mid"
Blues_-_Traditional-Muddy_Waters_-_Good_Morning_Little_School_Girl,"/Users/pasquale/git/midi2vec/SLAC_MIDI_splitted/fold8/train/Blues - Traditional/Muddy Waters - Good Morning Little School Girl.mid"
Blues_-_Traditional-Muddy_Waters_-_Kansas_City,"/Users/pasquale/git/midi2vec/SLAC_MIDI_splitted/fold8/train/Blues - Traditional/Muddy Waters - Kansas City.mid"
Blues_-_Traditional-Robert_Johnson_-_Cross_Road_Blues,"/Users/pasquale/git/midi2vec/SLAC_MIDI_splitted/fold8/train/Blues - Traditional/Robert Johnson - Cross Road Blues.mid"
Blues_-_Traditional-Robert_Johnson_-_I_Believe_I'll_Dust_My_Broom,"/Users/pasquale/git/midi2vec/SLAC_MIDI_splitted/fold8/train/Blues - Traditional/Robert Johnson - I Believe I'll Dust My Broom.mid"
Blues_-_Traditional-Robert_Johnson_-_Sweet_Home_Chicago,"/Users/pasquale/git/midi2vec/SLAC_MIDI_splitted/fold8/train/Blues - Traditional/Robert Johnson - Sweet Home Chicago.mid"
Blues_-_Traditional-Robert_Johnson_-_Terraplane_Blues,"/Users/pasquale/git/midi2vec/SLAC_MIDI_splitted/fold8/train/Blues - Traditional/Robert Johnson - Terraplane Blues.mid"
Blues_-_Traditional-Robert_Johnson_-_Walking_Blues,"/Users/pasquale/git/midi2vec/SLAC_MIDI_splitted/fold8/train/Blues - Traditional/Robert Johnson - Walking Blues.mid"
Blues_-_Traditional-Skip_James_-_Special_Rider_Blues,"/Users/pasquale/git/midi2vec/SLAC_MIDI_splitted/fold8/train/Blues - Traditional/Skip James - Special Rider Blues.mid"
Classical_-_Baroque-Bach_J_S_-_Art_of_Fugue_Fugue_No_3,"/Users/pasquale/git/midi2vec/SLAC_MIDI_splitted/fold8/train/Classical - Baroque/Bach J S - Art of Fugue Fugue No 3.mid"
Classical_-_Baroque-Bach_J_S_-_Cello_Suite_No_1_Prelude,"/Users/pasquale/git/midi2vec/SLAC_MIDI_splitted/fold8/train/Classical - Baroque/Bach J S - Cello Suite No 1 Prelude.mid"
Classical_-_Baroque-Bach_J_S_-_Prelude_And_Fugue_For_Organ_In_C,"/Users/pasquale/git/midi2vec/SLAC_MIDI_splitted/fold8/train/Classical - Baroque/Bach J S - Prelude And Fugue For Organ In C.mid"
Classical_-_Baroque-Bach_J_S_-_St_Matthew_Passion_Kommt_ihr_Tochter,"/Users/pasquale/git/midi2vec/SLAC_MIDI_splitted/fold8/train/Classical - Baroque/Bach J S - St Matthew Passion Kommt ihr Tochter.mid"
Classical_-_Baroque-Bach_J_S_-_Was_bist_du_doch+_o_Seele+_so_betru,"/Users/pasquale/git/midi2vec/SLAC_MIDI_splitted/fold8/train/Classical - Baroque/Bach J S - Was bist du doch, o Seele, so betru.mid"
Classical_-_Baroque-Buxtehude_-_Fugue_in_C,"/Users/pasquale/git/midi2vec/SLAC_MIDI_splitted/fold8/train/Classical - Baroque/Buxtehude - Fugue in C.mid"
Classical_-_Baroque-Buxtehude_-_Herr_Jesu_Christ+_ich_weiss_gar_wohl,"/Users/pasquale/git/midi2vec/SLAC_MIDI_splitted/fold8/train/Classical - Baroque/Buxtehude - Herr Jesu Christ, ich weiss gar wohl.mid"
Classical_-_Baroque-Buxtehude_-_Praeludium_in_E_BuxWV141,"/Users/pasquale/git/midi2vec/SLAC_MIDI_splitted/fold8/train/Classical - Baroque/Buxtehude - Praeludium in E BuxWV141.mid"
Classical_-_Baroque-Corelli_-_Concerto_Grosso_in_G_min_Op_6_No_8_1_and_2,"/Users/pasquale/git/midi2vec/SLAC_MIDI_splitted/fold8/train/Classical - Baroque/Corelli - Concerto Grosso in G min Op 6 No 8 1 and 2.mid"
Classical_-_Baroque-Handel_-_Solomon+_Arrival_of_the_Queen_of_Sheba,"/Users/pasquale/git/midi2vec/SLAC_MIDI_splitted/fold8/train/Classical - Baroque/Handel - Solomon, Arrival of the Queen of Sheba.mid"
Classical_-_Baroque-Handel_-_Suite_for_Harpsichord_in_D_minor_Sarabande,"/Users/pasquale/git/midi2vec/SLAC_MIDI_splitted/fold8/train/Classical - Baroque/Handel - Suite for Harpsichord in D minor Sarabande.mid"
Classical_-_Baroque-Handel_-_Water_Music_Suite_1_in_F_Bouree,"/Users/pasquale/git/midi2vec/SLAC_MIDI_splitted/fold8/train/Classical - Baroque/Handel - Water Music Suite 1 in F Bouree.mid"
Classical_-_Baroque-Monteverdi_-_Altri_canti_d'Amor,"/Users/pasquale/git/midi2vec/SLAC_MIDI_splitted/fold8/train/Classical - Baroque/Monteverdi - Altri canti d'Amor.mid"
Classical_-_Baroque-Monteverdi_-_Ecco_pur+_ch'avoi_ritorno,"/Users/pasquale/git/midi2vec/SLAC_MIDI_splitted/fold8/train/Classical - Baroque/Monteverdi - Ecco pur, ch'avoi ritorno.mid"
Classical_-_Baroque-Pachelbel_-_Canon_in_D,"/Users/pasquale/git/midi2vec/SLAC_MIDI_splitted/fold8/train/Classical - Baroque/Pachelbel - Canon in D.mid"
Classical_-_Baroque-Purcell_-_Dido_and_Aeneas_When_I_am_laid_in_earth,"/Users/pasquale/git/midi2vec/SLAC_MIDI_splitted/fold8/train/Classical - Baroque/Purcell - Dido and Aeneas When I am laid in earth.mid"
Classical_-_Baroque-Scarlatti_D_-_Keyboard_Sonata_in_D_minor_K1,"/Users/pasquale/git/midi2vec/SLAC_MIDI_splitted/fold8/train/Classical - Baroque/Scarlatti D - Keyboard Sonata in D minor K1.mid"
Classical_-_Baroque-Scarlatti_D_-_Sonata_in_A_K039,"/Users/pasquale/git/midi2vec/SLAC_MIDI_splitted/fold8/train/Classical - Baroque/Scarlatti D - Sonata in A K039.mid"
Classical_-_Baroque-Scarlatti_D_-_Sonata_in_D_K119,"/Users/pasquale/git/midi2vec/SLAC_MIDI_splitted/fold8/train/Classical - Baroque/Scarlatti D - Sonata in D K119.mid"
Classical_-_Baroque-Vivaldi_-_Concerto_for_2_Violins_and_Cello_in_F_Op_3_No_7,"/Users/pasquale/git/midi2vec/SLAC_MIDI_splitted/fold8/train/Classical - Baroque/Vivaldi - Concerto for 2 Violins and Cello in F Op 3 No 7.mid"
Classical_-_Baroque-Vivaldi_-_Four_Seasons_Spring_Allegro,"/Users/pasquale/git/midi2vec/SLAC_MIDI_splitted/fold8/train/Classical - Baroque/Vivaldi - Four Seasons Spring Allegro.mid"
Classical_-_Baroque-Vivaldi_-_Violin_Concerto_in_A_minor_Op_3_No_6,"/Users/pasquale/git/midi2vec/SLAC_MIDI_splitted/fold8/train/Classical - Baroque/Vivaldi - Violin Concerto in A minor Op 3 No 6.mid"
Classical_-_Baroque-Vivaldi_-_Violin_Concerto_in_G_No_3_Op_3,"/Users/pasquale/git/midi2vec/SLAC_MIDI_splitted/fold8/train/Classical - Baroque/Vivaldi - Violin Concerto in G No 3 Op 3.mid"
Classical_-_Romantic-Beethoven_-_Bagatelles_Op_126_Allegro_in_G-,"/Users/pasquale/git/midi2vec/SLAC_MIDI_splitted/fold8/train/Classical - Romantic/Beethoven - Bagatelles Op 126 Allegro in G-.mid"
Classical_-_Romantic-Beethoven_-_Eroica_1st_Mvmt,"/Users/pasquale/git/midi2vec/SLAC_MIDI_splitted/fold8/train/Classical - Romantic/Beethoven - Eroica 1st Mvmt.mid"
Classical_-_Romantic-Beethoven_-_Fur_Elise,"/Users/pasquale/git/midi2vec/SLAC_MIDI_splitted/fold8/train/Classical - Romantic/Beethoven - Fur Elise.mid"
Classical_-_Romantic-Berlioz_-_Harold_In_Italy_Op_16,"/Users/pasquale/git/midi2vec/SLAC_MIDI_splitted/fold8/train/Classical - Romantic/Berlioz - Harold In Italy Op 16.mid"
Classical_-_Romantic-Berlioz_-_Symphonie_Fantastique,"/Users/pasquale/git/midi2vec/SLAC_MIDI_splitted/fold8/train/Classical - Romantic/Berlioz - Symphonie Fantastique.mid"
Classical_-_Romantic-Brahms_-_Symphony_No_2_in_D_Op_73_Allegro_Non_Troppo,"/Users/pasquale/git/midi2vec/SLAC_MIDI_splitted/fold8/train/Classical - Romantic/Brahms - Symphony No 2 in D Op 73 Allegro Non Troppo.mid"
Classical_-_Romantic-Chopin_-_Ballade_No_3_in_Ab_Op_47,"/Users/pasquale/git/midi2vec/SLAC_MIDI_splitted/fold8/train/Classical - Romantic/Chopin - Ballade No 3 in Ab Op 47.mid"
Classical_-_Romantic-Chopin_-_Nocturne_No_13_in_C_Op_48,"/Users/pasquale/git/midi2vec/SLAC_MIDI_splitted/fold8/train/Classical - Romantic/Chopin - Nocturne No 13 in C Op 48.mid"
Classical_-_Romantic-Dvorak_-_Symphony_no_9_in_e_minor_Adagio,"/Users/pasquale/git/midi2vec/SLAC_MIDI_splitted/fold8/train/Classical - Romantic/Dvorak - Symphony no 9 in e minor Adagio.mid"
Classical_-_Romantic-Liszt_-_Etude_Transcendentales_No_5,"/Users/pasquale/git/midi2vec/SLAC_MIDI_splitted/fold8/train/Classical - Romantic/Liszt - Etude Transcendentales No 5.mid"
Classical_-_Romantic-Mendelssohn_-_A_Midsummer_Nights_Dream_Overture,"/Users/pasquale/git/midi2vec/SLAC_MIDI_splitted/fold8/train/Classical - Romantic/Mendelssohn - A Midsummer Nights Dream Overture.mid"
Classical_-_Romantic-Mendelssohn_-_Songs_Without_Words_Op_38_No_1_in_Eb,"/Users/pasquale/git/midi2vec/SLAC_MIDI_splitted/fold8/train/Classical - Romantic/Mendelssohn - Songs Without Words Op 38 No 1 in Eb .mid"
Classical_-_Romantic-Mendelssohn_-_Violin_Conerto_64_Alegro,"/Users/pasquale/git/midi2vec/SLAC_MIDI_splitted/fold8/train/Classical - Romantic/Mendelssohn - Violin Conerto 64 Alegro.mid"
Classical_-_Romantic-Paganini_-_Capricho_No_7,"/Users/pasquale/git/midi2vec/SLAC_MIDI_splitted/fold8/train/Classical - Romantic/Paganini - Capricho No 7.mid"
Classical_-_Romantic-Puccini_-_O_mio_babbino_caro,"/Users/pasquale/git/midi2vec/SLAC_MIDI_splitted/fold8/train/Classical - Romantic/Puccini - O mio babbino caro.mid"
Classical_-_Romantic-Rossini_-_Barber_of_Seville_Una_voce_poco_fa,"/Users/pasquale/git/midi2vec/SLAC_MIDI_splitted/fold8/train/Classical - Romantic/Rossini - Barber of Seville Una voce poco fa.mid"
Classical_-_Romantic-Schubert_-_Gretchen_am_Spinnrade,"/Users/pasquale/git/midi2vec/SLAC_MIDI_splitted/fold8/train/Classical - Romantic/Schubert - Gretchen am Spinnrade.mid"
Classical_-_Romantic-Schumann_-_Trio_para_piano_violin_y_violoncello_op110_1er_mov,"/Users/pasquale/git/midi2vec/SLAC_MIDI_splitted/fold8/train/Classical - Romantic/Schumann - Trio para piano violin y violoncello op110 1er mov.mid"
Classical_-_Romantic-Verdi_-_Aida_Finale_du_deuxieme_acte,"/Users/pasquale/git/midi2vec/SLAC_MIDI_splitted/fold8/train/Classical - Romantic/Verdi - Aida Finale du deuxieme acte.mid"
Classical_-_Romantic-Verdi_-_Requiem+_dies_irae,"/Users/pasquale/git/midi2vec/SLAC_MIDI_splitted/fold8/train/Classical - Romantic/Verdi - Requiem, dies irae.mid"
Classical_-_Romantic-Wagner_-_Ride_of_the_Valkyrie,"/Users/pasquale/git/midi2vec/SLAC_MIDI_splitted/fold8/train/Classical - Romantic/Wagner - Ride of the Valkyrie.mid"
Classical_-_Romantic-Wagner_-_Siegfried_Idyll,"/Users/pasquale/git/midi2vec/SLAC_MIDI_splitted/fold8/train/Classical - Romantic/Wagner - Siegfried Idyll.mid"
Classical_-_Romantic-Wagner_-_Tristan_und_Isolde+_Prelude,"/Users/pasquale/git/midi2vec/SLAC_MIDI_splitted/fold8/train/Classical - Romantic/Wagner - Tristan und Isolde, Prelude.mid"
Jazz_-_Bop-Art_Blakey_-_Moanin,"/Users/pasquale/git/midi2vec/SLAC_MIDI_splitted/fold8/train/Jazz - Bop/Art Blakey - Moanin.mid"
Jazz_-_Bop-Bud_Powell_-_Ornithology,"/Users/pasquale/git/midi2vec/SLAC_MIDI_splitted/fold8/train/Jazz - Bop/Bud Powell - Ornithology.mid"
Jazz_-_Bop-Bud_Powell_-_Scrapple_from_the_Apple,"/Users/pasquale/git/midi2vec/SLAC_MIDI_splitted/fold8/train/Jazz - Bop/Bud Powell - Scrapple from the Apple.mid"
Jazz_-_Bop-Charlie_Parker_-_Au_Privave,"/Users/pasquale/git/midi2vec/SLAC_MIDI_splitted/fold8/train/Jazz - Bop/Charlie Parker - Au Privave.mid"
Jazz_-_Bop-Charlie_Parker_-_Donna_Lee,"/Users/pasquale/git/midi2vec/SLAC_MIDI_splitted/fold8/train/Jazz - Bop/Charlie Parker - Donna Lee.mid"
Jazz_-_Bop-Dizzy_Gillepsie_-_52nd_Street_Theme,"/Users/pasquale/git/midi2vec/SLAC_MIDI_splitted/fold8/train/Jazz - Bop/Dizzy Gillepsie - 52nd Street Theme.mid"
Jazz_-_Bop-Dizzy_Gillespie_-_Groovin_High,"/Users/pasquale/git/midi2vec/SLAC_MIDI_splitted/fold8/train/Jazz - Bop/Dizzy Gillespie - Groovin High.mid"
Jazz_-_Bop-Herbie_Hancock_-_Watermelon_Man,"/Users/pasquale/git/midi2vec/SLAC_MIDI_splitted/fold8/train/Jazz - Bop/Herbie Hancock - Watermelon Man.mid"
Jazz_-_Bop-Horace_Silver_-_Opus_De_Funk,"/Users/pasquale/git/midi2vec/SLAC_MIDI_splitted/fold8/train/Jazz - Bop/Horace Silver - Opus De Funk.mid"
Jazz_-_Bop-J_J_Johnson_-_Softly_As_In_The_Morning_Sunrise,"/Users/pasquale/git/midi2vec/SLAC_MIDI_splitted/fold8/train/Jazz - Bop/J J Johnson - Softly As In The Morning Sunrise.mid"
Jazz_-_Bop-Jimmy_Smith_-_Back_At_The_Chicken_Shack,"/Users/pasquale/git/midi2vec/SLAC_MIDI_splitted/fold8/train/Jazz - Bop/Jimmy Smith - Back At The Chicken Shack.mid"
Jazz_-_Bop-John_Coltrane_-_Airegin,"/Users/pasquale/git/midi2vec/SLAC_MIDI_splitted/fold8/train/Jazz - Bop/John Coltrane - Airegin.mid"
Jazz_-_Bop-John_Coltrane_-_Lazy_Bird,"/Users/pasquale/git/midi2vec/SLAC_MIDI_splitted/fold8/train/Jazz - Bop/John Coltrane - Lazy Bird.mid"
Jazz_-_Bop-John_Coltrane_-_Mr_P_C,"/Users/pasquale/git/midi2vec/SLAC_MIDI_splitted/fold8/train/Jazz - Bop/John Coltrane - Mr P C.mid"
Jazz_-_Bop-Lee_Morgan_-_The_Sidewinder,"/Users/pasquale/git/midi2vec/SLAC_MIDI_splitted/fold8/train/Jazz - Bop/Lee Morgan - The Sidewinder.mid"
Jazz_-_Bop-Max_Roach_-_Billie's_Bounce,"/Users/pasquale/git/midi2vec/SLAC_MIDI_splitted/fold8/train/Jazz - Bop/Max Roach - Billie's Bounce.mid"
Jazz_-_Bop-Miles_Davis_-_Doxy,"/Users/pasquale/git/midi2vec/SLAC_MIDI_splitted/fold8/train/Jazz - Bop/Miles Davis - Doxy.mid"
Jazz_-_Bop-Miles_Davis_-_Half_Nelson,"/Users/pasquale/git/midi2vec/SLAC_MIDI_splitted/fold8/train/Jazz - Bop/Miles Davis - Half Nelson.mid"
Jazz_-_Bop-Miles_Davis_-_Well_You_Neednt,"/Users/pasquale/git/midi2vec/SLAC_MIDI_splitted/fold8/train/Jazz - Bop/Miles Davis - Well You Neednt.mid"
Jazz_-_Bop-Thelonious_Monk_-_Evidence,"/Users/pasquale/git/midi2vec/SLAC_MIDI_splitted/fold8/train/Jazz - Bop/Thelonious Monk - Evidence.mid"
Jazz_-_Bop-Thelonious_Monk_-_In_Walked_Bud,"/Users/pasquale/git/midi2vec/SLAC_MIDI_splitted/fold8/train/Jazz - Bop/Thelonious Monk - In Walked Bud.mid"
Jazz_-_Bop-Thelonious_Monk_-_Straight_No_Chaser,"/Users/pasquale/git/midi2vec/SLAC_MIDI_splitted/fold8/train/Jazz - Bop/Thelonious Monk - Straight No Chaser.mid"
Jazz_-_Bop-Wes_Montgomery_-_Four_On_Six,"/Users/pasquale/git/midi2vec/SLAC_MIDI_splitted/fold8/train/Jazz - Bop/Wes Montgomery - Four On Six.mid"
Jazz_-_Swing-Ben_Webster_-_Bye_Bye_Blackbird,"/Users/pasquale/git/midi2vec/SLAC_MIDI_splitted/fold8/train/Jazz - Swing/Ben Webster - Bye Bye Blackbird.mid"
Jazz_-_Swing-Benny_Goodman_-_Sing_Sing_Sing,"/Users/pasquale/git/midi2vec/SLAC_MIDI_splitted/fold8/train/Jazz - Swing/Benny Goodman - Sing Sing Sing.mid"
Jazz_-_Swing-Billie_Holiday_-_Darn_That_Dream,"/Users/pasquale/git/midi2vec/SLAC_MIDI_splitted/fold8/train/Jazz - Swing/Billie Holiday - Darn That Dream.mid"
Jazz_-_Swing-Billie_Holiday_-_Do_Nothing_til_You_Hear_From_Me,"/Users/pasquale/git/midi2vec/SLAC_MIDI_splitted/fold8/train/Jazz - Swing/Billie Holiday - Do Nothing til You Hear From Me.mid"
Jazz_-_Swing-Billie_Holiday_-_It_Had_To_Be_You,"/Users/pasquale/git/midi2vec/SLAC_MIDI_splitted/fold8/train/Jazz - Swing/Billie Holiday - It Had To Be You.mid"
Jazz_-_Swing-Billie_Holiday_-_Prelude_To_A_Kiss,"/Users/pasquale/git/midi2vec/SLAC_MIDI_splitted/fold8/train/Jazz - Swing/Billie Holiday - Prelude To A Kiss.mid"
Jazz_-_Swing-Billie_Holiday_-_Sophisticated_Lady,"/Users/pasquale/git/midi2vec/SLAC_MIDI_splitted/fold8/train/Jazz - Swing/Billie Holiday - Sophisticated Lady.mid"
Jazz_-_Swing-Chick_Webb_-_Dont_be_That_Way,"/Users/pasquale/git/midi2vec/SLAC_MIDI_splitted/fold8/train/Jazz - Swing/Chick Webb - Dont be That Way.mid"
Jazz_-_Swing-Count_Basie_-_April_In_Paris,"/Users/pasquale/git/midi2vec/SLAC_MIDI_splitted/fold8/train/Jazz - Swing/Count Basie - April In Paris.mid"
Jazz_-_Swing-Count_Basie_-_Autumn_Leaves,"/Users/pasquale/git/midi2vec/SLAC_MIDI_splitted/fold8/train/Jazz - Swing/Count Basie - Autumn Leaves.mid"
Jazz_-_Swing-Count_Basie_-_Corner_Pocket,"/Users/pasquale/git/midi2vec/SLAC_MIDI_splitted/fold8/train/Jazz - Swing/Count Basie - Corner Pocket.mid"
Jazz_-_Swing-Count_Basie_-_Freckle_Face,"/Users/pasquale/git/midi2vec/SLAC_MIDI_splitted/fold8/train/Jazz - Swing/Count Basie - Freckle Face.mid"
Jazz_-_Swing-Duke_Ellington_-_Cottontail,"/Users/pasquale/git/midi2vec/SLAC_MIDI_splitted/fold8/train/Jazz - Swing/Duke Ellington - Cottontail.mid"
Jazz_-_Swing-Duke_Ellington_-_Don't_Get_Around_Much_Anymore,"/Users/pasquale/git/midi2vec/SLAC_MIDI_splitted/fold8/train/Jazz - Swing/Duke Ellington - Don't Get Around Much Anymore.mid"
Jazz_-_Swing-Duke_Ellington_-_Perdido,"/Users/pasquale/git/midi2vec/SLAC_MIDI_splitted/fold8/train/Jazz - Swing/Duke Ellington - Perdido.mid"
Jazz_-_Swing-Duke_Ellington_-_Stompin_At_The_Savoy,"/Users/pasquale/git/midi2vec/SLAC_MIDI_splitted/fold8/train/Jazz - Swing/Duke Ellington - Stompin At The Savoy.mid"
Jazz_-_Swing-Duke_Ellington_-_Take_the_A_Train,"/Users/pasquale/git/midi2vec/SLAC_MIDI_splitted/fold8/train/Jazz - Swing/Duke Ellington - Take the A Train.mid"
Jazz_-_Swing-Ella_Fitzgerald_-_A_Foggy_Day,"/Users/pasquale/git/midi2vec/SLAC_MIDI_splitted/fold8/train/Jazz - Swing/Ella Fitzgerald - A Foggy Day.mid"
Jazz_-_Swing-Ella_Fitzgerald_-_Don't_Be_That_Way,"/Users/pasquale/git/midi2vec/SLAC_MIDI_splitted/fold8/train/Jazz - Swing/Ella Fitzgerald - Don't Be That Way.mid"
Jazz_-_Swing-Ella_Fitzgerald_-_Satin_Doll,"/Users/pasquale/git/midi2vec/SLAC_MIDI_splitted/fold8/train/Jazz - Swing/Ella Fitzgerald - Satin Doll.mid"
Jazz_-_Swing-Louis_Armstrong_-_I've_Got_the_World_on_a_String,"/Users/pasquale/git/midi2vec/SLAC_MIDI_splitted/fold8/train/Jazz - Swing/Louis Armstrong - I've Got the World on a String.mid"
Jazz_-_Swing-Sarah_Vaughn_-_If_I_Were_A_Bell,"/Users/pasquale/git/midi2vec/SLAC_MIDI_splitted/fold8/train/Jazz - Swing/Sarah Vaughn - If I Were A Bell.mid"
Jazz_-_Swing-The_Dorsey_Brothers_-_St._Louis_Blues,"/Users/pasquale/git/midi2vec/SLAC_MIDI_splitted/fold8/train/Jazz - Swing/The Dorsey Brothers - St. Louis Blues.mid"
Rap_-_Hardcore_Rap-Bone_Thugs_N_Harmony_-_Look_Into_My_Eyes,"/Users/pasquale/git/midi2vec/SLAC_MIDI_splitted/fold8/train/Rap - Hardcore Rap/Bone Thugs N Harmony - Look Into My Eyes.mid"
Rap_-_Hardcore_Rap-Coolio_-_Gangstas_Paradise,"/Users/pasquale/git/midi2vec/SLAC_MIDI_splitted/fold8/train/Rap - Hardcore Rap/Coolio - Gangstas Paradise.mid"
Rap_-_Hardcore_Rap-DMX_-_Party_Up,"/Users/pasquale/git/midi2vec/SLAC_MIDI_splitted/fold8/train/Rap - Hardcore Rap/DMX - Party Up.mid"
Rap_-_Hardcore_Rap-DMX_-_Ruff_Ryders_Anthem,"/Users/pasquale/git/midi2vec/SLAC_MIDI_splitted/fold8/train/Rap - Hardcore Rap/DMX - Ruff Ryders Anthem.mid"
Rap_-_Hardcore_Rap-Dr_Dre_-_Forgot_About_Dre,"/Users/pasquale/git/midi2vec/SLAC_MIDI_splitted/fold8/train/Rap - Hardcore Rap/Dr Dre - Forgot About Dre.mid"
Rap_-_Hardcore_Rap-Dr_Dre_-_Keep_Their_Heads_Ringing,"/Users/pasquale/git/midi2vec/SLAC_MIDI_splitted/fold8/train/Rap - Hardcore Rap/Dr Dre - Keep Their Heads Ringing.mid"
Rap_-_Hardcore_Rap-Dr_Dre_-_Still_Dreaming,"/Users/pasquale/git/midi2vec/SLAC_MIDI_splitted/fold8/train/Rap - Hardcore Rap/Dr Dre - Still Dreaming.mid"
Rap_-_Hardcore_Rap-Eminem_-_Bad_Meets_Evil,"/Users/pasquale/git/midi2vec/SLAC_MIDI_splitted/fold8/train/Rap - Hardcore Rap/Eminem - Bad Meets Evil.mid"
Rap_-_Hardcore_Rap-Eminem_-_Guilty_Conscience,"/Users/pasquale/git/midi2vec/SLAC_MIDI_splitted/fold8/train/Rap - Hardcore Rap/Eminem - Guilty Conscience.mid"
Rap_-_Hardcore_Rap-Eminem_-_The_Real_Slim_Shady,"/Users/pasquale/git/midi2vec/SLAC_MIDI_splitted/fold8/train/Rap - Hardcore Rap/Eminem - The Real Slim Shady.mid"
Rap_-_Hardcore_Rap-Freak_Nasty_-_Da_Dip,"/Users/pasquale/git/midi2vec/SLAC_MIDI_splitted/fold8/train/Rap - Hardcore Rap/Freak Nasty - Da Dip.mid"
Rap_-_Hardcore_Rap-Ice_Cube_-_Ghetto_Vet,"/Users/pasquale/git/midi2vec/SLAC_MIDI_splitted/fold8/train/Rap - Hardcore Rap/Ice Cube - Ghetto Vet.mid"
Rap_-_Hardcore_Rap-Ice_Cube_-_Record_Company_Pimpin,"/Users/pasquale/git/midi2vec/SLAC_MIDI_splitted/fold8/train/Rap - Hardcore Rap/Ice Cube - Record Company Pimpin.mid"
Rap_-_Hardcore_Rap-Notorious_BIG_-_Notorious_Thugs,"/Users/pasquale/git/midi2vec/SLAC_MIDI_splitted/fold8/train/Rap - Hardcore Rap/Notorious BIG - Notorious Thugs.mid"
Rap_-_Hardcore_Rap-Snoop_Dog_-_Aint_Nothing_Personal,"/Users/pasquale/git/midi2vec/SLAC_MIDI_splitted/fold8/train/Rap - Hardcore Rap/Snoop Dog - Aint Nothing Personal.mid"
Rap_-_Hardcore_Rap-Snoop_Dog_-_Gz_and_Hustlas,"/Users/pasquale/git/midi2vec/SLAC_MIDI_splitted/fold8/train/Rap - Hardcore Rap/Snoop Dog - Gz and Hustlas.mid"
Rap_-_Hardcore_Rap-Snoop_Dog_-_Murder_Was_the_Case,"/Users/pasquale/git/midi2vec/SLAC_MIDI_splitted/fold8/train/Rap - Hardcore Rap/Snoop Dog - Murder Was the Case.mid"
Rap_-_Hardcore_Rap-Snoop_Dog_-_Still_a_G_Thang,"/Users/pasquale/git/midi2vec/SLAC_MIDI_splitted/fold8/train/Rap - Hardcore Rap/Snoop Dog - Still a G Thang.mid"
Rap_-_Hardcore_Rap-Snoop_Dog_-_The_Shiznit,"/Users/pasquale/git/midi2vec/SLAC_MIDI_splitted/fold8/train/Rap - Hardcore Rap/Snoop Dog - The Shiznit.mid"
Rap_-_Hardcore_Rap-The_Luniz_-_I_Got_Five_On_It,"/Users/pasquale/git/midi2vec/SLAC_MIDI_splitted/fold8/train/Rap - Hardcore Rap/The Luniz - I Got Five On It.mid"
Rap_-_Hardcore_Rap-Tupac_Shakur_-_2_of_Americaz_Most_Wanted,"/Users/pasquale/git/midi2vec/SLAC_MIDI_splitted/fold8/train/Rap - Hardcore Rap/Tupac Shakur - 2 of Americaz Most Wanted.mid"
Rap_-_Hardcore_Rap-Tupac_Shakur_-_I_Aint_Mad_At_Cha,"/Users/pasquale/git/midi2vec/SLAC_MIDI_splitted/fold8/train/Rap - Hardcore Rap/Tupac Shakur - I Aint Mad At Cha.mid"
Rap_-_Hardcore_Rap-Westside_Connection_-_Bow_Down,"/Users/pasquale/git/midi2vec/SLAC_MIDI_splitted/fold8/train/Rap - Hardcore Rap/Westside Connection - Bow Down.mid"
Rap_-_Pop_Rap-Arrested_Development_-_People_Everyday,"/Users/pasquale/git/midi2vec/SLAC_MIDI_splitted/fold8/train/Rap - Pop Rap/Arrested Development - People Everyday.mid"
Rap_-_Pop_Rap-Coolio_-_C_U_When_U_Get_There,"/Users/pasquale/git/midi2vec/SLAC_MIDI_splitted/fold8/train/Rap - Pop Rap/Coolio - C U When U Get There.mid"
Rap_-_Pop_Rap-Coolio_-_Fantastic_Voyage,"/Users/pasquale/git/midi2vec/SLAC_MIDI_splitted/fold8/train/Rap - Pop Rap/Coolio - Fantastic Voyage.mid"
Rap_-_Pop_Rap-Eminem_-_Stan,"/Users/pasquale/git/midi2vec/SLAC_MIDI_splitted/fold8/train/Rap - Pop Rap/Eminem - Stan.mid"
Rap_-_Pop_Rap-Jay_Z_-_Hard_Knock_Life,"/Users/pasquale/git/midi2vec/SLAC_MIDI_splitted/fold8/train/Rap - Pop Rap/Jay Z - Hard Knock Life.mid"
Rap_-_Pop_Rap-MC_Hammer_-_Have_You_Seen_Her,"/Users/pasquale/git/midi2vec/SLAC_MIDI_splitted/fold8/train/Rap - Pop Rap/MC Hammer - Have You Seen Her.mid"
Rap_-_Pop_Rap-MC_Hammer_-_U_Cant_Touch_This,"/Users/pasquale/git/midi2vec/SLAC_MIDI_splitted/fold8/train/Rap - Pop Rap/MC Hammer - U Cant Touch This.mid"
Rap_-_Pop_Rap-Naughty_by_Nature_-_Jamboree,"/Users/pasquale/git/midi2vec/SLAC_MIDI_splitted/fold8/train/Rap - Pop Rap/Naughty by Nature - Jamboree.mid"
Rap_-_Pop_Rap-Nelly_-_Country_Grammar,"/Users/pasquale/git/midi2vec/SLAC_MIDI_splitted/fold8/train/Rap - Pop Rap/Nelly - Country Grammar.mid"
Rap_-_Pop_Rap-Puff_Daddy_-_I'll_Be_Missing_You,"/Users/pasquale/git/midi2vec/SLAC_MIDI_splitted/fold8/train/Rap - Pop Rap/Puff Daddy - I'll Be Missing You.mid"
Rap_-_Pop_Rap-Run_DMC_-_Sucka_MCs,"/Users/pasquale/git/midi2vec/SLAC_MIDI_splitted/fold8/train/Rap - Pop Rap/Run DMC - Sucka MCs.mid"
Rap_-_Pop_Rap-Skee_Lo_-_I_Wish,"/Users/pasquale/git/midi2vec/SLAC_MIDI_splitted/fold8/train/Rap - Pop Rap/Skee Lo - I Wish.mid"
Rap_-_Pop_Rap-Snoop_Dogg_-_Been_Around_the_World,"/Users/pasquale/git/midi2vec/SLAC_MIDI_splitted/fold8/train/Rap - Pop Rap/Snoop Dogg - Been Around the World.mid"
Rap_-_Pop_Rap-The_Fugees_-_Ready_or_Not,"/Users/pasquale/git/midi2vec/SLAC_MIDI_splitted/fold8/train/Rap - Pop Rap/The Fugees - Ready or Not.mid"
Rap_-_Pop_Rap-The_Notorious_BIG_-_Big_Poppa,"/Users/pasquale/git/midi2vec/SLAC_MIDI_splitted/fold8/train/Rap - Pop Rap/The Notorious BIG - Big Poppa.mid"
Rap_-_Pop_Rap-The_Notorious_BIG_-_Mo_Money_Mo_Problems,"/Users/pasquale/git/midi2vec/SLAC_MIDI_splitted/fold8/train/Rap - Pop Rap/The Notorious BIG - Mo Money Mo Problems.mid"
Rap_-_Pop_Rap-The_Notorious_BIG_-_One_More_Chance,"/Users/pasquale/git/midi2vec/SLAC_MIDI_splitted/fold8/train/Rap - Pop Rap/The Notorious BIG - One More Chance.mid"
Rap_-_Pop_Rap-Usher_-_You_Make_Me_Wanna,"/Users/pasquale/git/midi2vec/SLAC_MIDI_splitted/fold8/train/Rap - Pop Rap/Usher - You Make Me Wanna.mid"
Rap_-_Pop_Rap-Vanilla_Ice_-_Ice_Ice_Baby,"/Users/pasquale/git/midi2vec/SLAC_MIDI_splitted/fold8/train/Rap - Pop Rap/Vanilla Ice - Ice Ice Baby.mid"
Rap_-_Pop_Rap-Warren_G_-_Regulate,"/Users/pasquale/git/midi2vec/SLAC_MIDI_splitted/fold8/train/Rap - Pop Rap/Warren G - Regulate.mid"
Rap_-_Pop_Rap-Will_Smith_-_Getting_Jiggy_With_It,"/Users/pasquale/git/midi2vec/SLAC_MIDI_splitted/fold8/train/Rap - Pop Rap/Will Smith - Getting Jiggy With It.mid"
Rap_-_Pop_Rap-Will_Smith_-_Just_the_Two_of_Us,"/Users/pasquale/git/midi2vec/SLAC_MIDI_splitted/fold8/train/Rap - Pop Rap/Will Smith - Just the Two of Us.mid"
Rap_-_Pop_Rap-Will_Smith_-_Men_In_Black,"/Users/pasquale/git/midi2vec/SLAC_MIDI_splitted/fold8/train/Rap - Pop Rap/Will Smith - Men In Black.mid"
Rock_-_Alternative-Alice_in_Chains_-_Heaven_Beside_You,"/Users/pasquale/git/midi2vec/SLAC_MIDI_splitted/fold8/train/Rock - Alternative/Alice in Chains - Heaven Beside You.mid"
Rock_-_Alternative-Alice_in_Chains_-_Rooster,"/Users/pasquale/git/midi2vec/SLAC_MIDI_splitted/fold8/train/Rock - Alternative/Alice in Chains - Rooster.mid"
Rock_-_Alternative-Alice_in_Chains_-_Would,"/Users/pasquale/git/midi2vec/SLAC_MIDI_splitted/fold8/train/Rock - Alternative/Alice in Chains - Would.mid"
Rock_-_Alternative-Cake_-_The_Distance,"/Users/pasquale/git/midi2vec/SLAC_MIDI_splitted/fold8/train/Rock - Alternative/Cake - The Distance.mid"
Rock_-_Alternative-Collective_Soul_-_December,"/Users/pasquale/git/midi2vec/SLAC_MIDI_splitted/fold8/train/Rock - Alternative/Collective Soul - December.mid"
Rock_-_Alternative-Collective_Soul_-_Gel,"/Users/pasquale/git/midi2vec/SLAC_MIDI_splitted/fold8/train/Rock - Alternative/Collective Soul - Gel.mid"
Rock_-_Alternative-Collective_Soul_-_Precious_Declaration,"/Users/pasquale/git/midi2vec/SLAC_MIDI_splitted/fold8/train/Rock - Alternative/Collective Soul - Precious Declaration.mid"
Rock_-_Alternative-Creed_-_Higher,"/Users/pasquale/git/midi2vec/SLAC_MIDI_splitted/fold8/train/Rock - Alternative/Creed - Higher.mid"
Rock_-_Alternative-DC_Talk_-_Jesus_Freak,"/Users/pasquale/git/midi2vec/SLAC_MIDI_splitted/fold8/train/Rock - Alternative/DC Talk - Jesus Freak.mid"
Rock_-_Alternative-Everclear_-_Santa_Monica,"/Users/pasquale/git/midi2vec/SLAC_MIDI_splitted/fold8/train/Rock - Alternative/Everclear - Santa Monica.mid"
Rock_-_Alternative-Harvey_Danger_-_Flagpole_Sitta,"/Users/pasquale/git/midi2vec/SLAC_MIDI_splitted/fold8/train/Rock - Alternative/Harvey Danger - Flagpole Sitta.mid"
Rock_-_Alternative-Hole_-_Asking_For_It,"/Users/pasquale/git/midi2vec/SLAC_MIDI_splitted/fold8/train/Rock - Alternative/Hole - Asking For It.mid"
Rock_-_Alternative-Local_H_-_Bound_For_The_Floor,"/Users/pasquale/git/midi2vec/SLAC_MIDI_splitted/fold8/train/Rock - Alternative/Local H - Bound For The Floor.mid"
Rock_-_Alternative-Nirvana_-_Heart_Shaped_Box,"/Users/pasquale/git/midi2vec/SLAC_MIDI_splitted/fold8/train/Rock - Alternative/Nirvana - Heart Shaped Box.mid"
Rock_-_Alternative-Nirvana_-_Lithium,"/Users/pasquale/git/midi2vec/SLAC_MIDI_splitted/fold8/train/Rock - Alternative/Nirvana - Lithium.mid"
Rock_-_Alternative-Nirvana_-_Smells_Like_Teen_Spirit,"/Users/pasquale/git/midi2vec/SLAC_MIDI_splitted/fold8/train/Rock - Alternative/Nirvana - Smells Like Teen Spirit.mid"
Rock_-_Alternative-Orgy_-_Blue_Monday,"/Users/pasquale/git/midi2vec/SLAC_MIDI_splitted/fold8/train/Rock - Alternative/Orgy - Blue Monday.mid"
Rock_-_Alternative-Pearl_Jam_-_Alive,"/Users/pasquale/git/midi2vec/SLAC_MIDI_splitted/fold8/train/Rock - Alternative/Pearl Jam - Alive.mid"
Rock_-_Alternative-Soundgarden_-_Black_Hole_Sun,"/Users/pasquale/git/midi2vec/SLAC_MIDI_splitted/fold8/train/Rock - Alternative/Soundgarden - Black Hole Sun.mid"
Rock_-_Alternative-Soundgarden_-_My_Wave,"/Users/pasquale/git/midi2vec/SLAC_MIDI_splitted/fold8/train/Rock - Alternative/Soundgarden - My Wave.mid"
Rock_-_Alternative-The_Cardigans_-_My_Favorite_Game,"/Users/pasquale/git/midi2vec/SLAC_MIDI_splitted/fold8/train/Rock - Alternative/The Cardigans - My Favorite Game.mid"
Rock_-_Alternative-The_Smashing_Pumpkins_-_Bullet_With_Butterfly_Wings,"/Users/pasquale/git/midi2vec/SLAC_MIDI_splitted/fold8/train/Rock - Alternative/The Smashing Pumpkins - Bullet With Butterfly Wings.mid"
Rock_-_Alternative-Tool_-_Aenima,"/Users/pasquale/git/midi2vec/SLAC_MIDI_splitted/fold8/train/Rock - Alternative/Tool - Aenima.mid"
Rock_-_Metal-311_-_Down,"/Users/pasquale/git/midi2vec/SLAC_MIDI_splitted/fold8/train/Rock - Metal/311 - Down.mid"
Rock_-_Metal-ACDC_-_Back_in_Black,"/Users/pasquale/git/midi2vec/SLAC_MIDI_splitted/fold8/train/Rock - Metal/ACDC - Back in Black.mid"
Rock_-_Metal-Filter_-_Dose,"/Users/pasquale/git/midi2vec/SLAC_MIDI_splitted/fold8/train/Rock - Metal/Filter - Dose.mid"
Rock_-_Metal-Guns_n_Roses_-_Welcome_to_the_Jungle,"/Users/pasquale/git/midi2vec/SLAC_MIDI_splitted/fold8/train/Rock - Metal/Guns n Roses - Welcome to the Jungle.mid"
Rock_-_Metal-Iron_Maiden_-_Aces_High,"/Users/pasquale/git/midi2vec/SLAC_MIDI_splitted/fold8/train/Rock - Metal/Iron Maiden - Aces High.mid"
Rock_-_Metal-Iron_Maiden_-_Revelations,"/Users/pasquale/git/midi2vec/SLAC_MIDI_splitted/fold8/train/Rock - Metal/Iron Maiden - Revelations.mid"
Rock_-_Metal-Limp_Bizkit_-_Break_Stuff,"/Users/pasquale/git/midi2vec/SLAC_MIDI_splitted/fold8/train/Rock - Metal/Limp Bizkit - Break Stuff.mid"
Rock_-_Metal-Marilyn_Manson_-_Irresponsible_Hate_Anthem,"/Users/pasquale/git/midi2vec/SLAC_MIDI_splitted/fold8/train/Rock - Metal/Marilyn Manson - Irresponsible Hate Anthem.mid"
Rock_-_Metal-Marilyn_Manson_-_The_Reflecting_God,"/Users/pasquale/git/midi2vec/SLAC_MIDI_splitted/fold8/train/Rock - Metal/Marilyn Manson - The Reflecting God.mid"
Rock_-_Metal-Metallica_-_Hit_The_Lights,"/Users/pasquale/git/midi2vec/SLAC_MIDI_splitted/fold8/train/Rock - Metal/Metallica - Hit The Lights.mid"
Rock_-_Metal-Metallica_-_Master_Of_Puppets,"/Users/pasquale/git/midi2vec/SLAC_MIDI_splitted/fold8/train/Rock - Metal/Metallica - Master Of Puppets.MID"
Rock_-_Metal-Metallica_-_The_Four_Horsemen,"/Users/pasquale/git/midi2vec/SLAC_MIDI_splitted/fold8/train/Rock - Metal/Metallica - The Four Horsemen.mid"
Rock_-_Metal-Metallica_-_The_Shortest_Straw,"/Users/pasquale/git/midi2vec/SLAC_MIDI_splitted/fold8/train/Rock - Metal/Metallica - The Shortest Straw.mid"
Rock_-_Metal-Metallica_-_Through_the_Never,"/Users/pasquale/git/midi2vec/SLAC_MIDI_splitted/fold8/train/Rock - Metal/Metallica - Through the Never.mid"
Rock_-_Metal-Ozzy_Osbourne_-_Crazy_Train,"/Users/pasquale/git/midi2vec/SLAC_MIDI_splitted/fold8/train/Rock - Metal/Ozzy Osbourne - Crazy Train.mid"
Rock_-_Metal-Pantera_-_Becoming,"/Users/pasquale/git/midi2vec/SLAC_MIDI_splitted/fold8/train/Rock - Metal/Pantera - Becoming.mid"
Rock_-_Metal-Pantera_-_Cowboys_from_Hell,"/Users/pasquale/git/midi2vec/SLAC_MIDI_splitted/fold8/train/Rock - Metal/Pantera - Cowboys from Hell.mid"
Rock_-_Metal-Pantera_-_I'm_Broken,"/Users/pasquale/git/midi2vec/SLAC_MIDI_splitted/fold8/train/Rock - Metal/Pantera - I'm Broken.mid"
Rock_-_Metal-Pantera_-_Walk,"/Users/pasquale/git/midi2vec/SLAC_MIDI_splitted/fold8/train/Rock - Metal/Pantera - Walk.mid"
Rock_-_Metal-Rage_Against_the_Machine_-_Bulls_On_Parade,"/Users/pasquale/git/midi2vec/SLAC_MIDI_splitted/fold8/train/Rock - Metal/Rage Against the Machine - Bulls On Parade.mid"
Rock_-_Metal-Rage_Against_the_Machine_-_Guerilla_Radio,"/Users/pasquale/git/midi2vec/SLAC_MIDI_splitted/fold8/train/Rock - Metal/Rage Against the Machine - Guerilla Radio.mid"
Rock_-_Metal-Rage_Against_the_Machine_-_Killing_In_The_Name,"/Users/pasquale/git/midi2vec/SLAC_MIDI_splitted/fold8/train/Rock - Metal/Rage Against the Machine - Killing In The Name.mid"
Rock_-_Metal-White_Zombie_-_Black_Sunshine,"/Users/pasquale/git/midi2vec/SLAC_MIDI_splitted/fold8/train/Rock - Metal/White Zombie - Black Sunshine.mid"
